tema;pregunta;opcion_a;opcion_b;opcion_c;opcion_d;correcta;justificacion;
Actualidad;¿Qué tecnología ha tenido un crecimiento acelerado desde 2023?;Fax;Inteligencia Artificial Generativa;Disquetes;Pagers;B;La IA generativa ha experimentado una rápida adopción.;
Actualidad;¿Qué fenómeno está relacionado con el aumento de la temperatura promedio del planeta?;Cambio climático;Lluvia ácida;Erosión;Tornados;A;El cambio climático implica un calentamiento global sostenido.;
Actualidad;¿Cuál de estas fuentes genera electricidad sin emitir CO? durante su operación?;Carbón;Petróleo;Energía solar;Diésel;C;La energía solar no produce emisiones directas durante la generación.;
Actualidad;¿Qué término describe el aumento general de precios?;Deflación;Inflación;Recesión;Devaluación;B;La inflación refleja el incremento sostenido de precios.;
Actualidad;¿Qué organismo internacional coordina acciones de salud pública a nivel mundial?;UNESCO;OMS;FAO;FMI;B;La Organización Mundial de la Salud lidera la cooperación sanitaria.;
Actualidad;¿Qué empresa popularizó ChatGPT?;IBM;OpenAI;Intel;Oracle;B;ChatGPT fue desarrollado por OpenAI.;
Actualidad;¿Cuál es el objetivo principal del programa Artemis?;Viajar a Marte inmediatamente;Regresar astronautas a la Luna;Construir un hotel espacial;Destruir asteroides;B;Artemis busca el regreso de misiones tripuladas a la Luna.;
Actualidad;¿Qué tipo de vehículo utiliza principalmente baterías recargables para impulsarse?;Híbrido enchufable;Eléctrico;Gasolina;Diésel;B;Los vehículos eléctricos funcionan principalmente con baterías.;
Actualidad;¿Qué herramienta se utiliza para editar genes con gran precisión?;Bluetooth;CRISPR;USB;NFC;B;CRISPR revolucionó la edición genética.;
Actualidad;¿Qué método añade una capa extra de seguridad además de la contraseña?;Modo incógnito;Doble autenticación;Cambiar el fondo de pantalla;Borrar cookies;B;La autenticación de dos factores incrementa la seguridad.;
Ciencia y tecnología;¿Cuál es el planeta más cercano al Sol?;Venus;Marte;Mercurio;Tierra;C;Mercurio es el primer planeta del Sistema Solar.;
Ciencia y tecnología;¿Cuál es la unidad de fuerza en el Sistema Internacional?;Julio;Newton;Watt;Pascal;B;La fuerza se mide en newtons (N).;
Ciencia y tecnología;¿Cuál es el elemento químico más abundante del universo?;Oxígeno;Hidrógeno;Helio;Carbono;B;El hidrógeno constituye la mayor parte de la materia visible.;
Ciencia y tecnología;¿Qué orgánulo celular produce la mayor parte de la energía?;Núcleo;Mitocondria;Ribosoma;Lisosoma;B;Las mitocondrias producen ATP mediante la respiración celular.;
Ciencia y tecnología;¿Qué significa la sigla USB?;Universal System Bus;Universal Serial Bus;United Storage Base;Universal Storage Bus;B;USB significa Universal Serial Bus.;
Ciencia y tecnología;¿Cuál es el sistema numérico utilizado por las computadoras?;Decimal;Hexadecimal;Binario;Octal;C;Los computadores procesan información en binario.;
Ciencia y tecnología;¿Qué telescopio espacial fue lanzado en 2021?;Hubble;James Webb;Kepler;Spitzer;B;El James Webb fue lanzado en diciembre de 2021.;
Ciencia y tecnología;¿Cuál es la fórmula química del agua?;CO?;H?O;O?;H?SO?;B;El agua está compuesta por dos átomos de hidrógeno y uno de oxígeno.;
Ciencia y tecnología;¿Qué dispositivo protege un circuito al interrumpir el paso de corriente cuando hay una sobrecarga?;Transformador;Fusible;Resistencia;Condensador;B;El fusible se funde para proteger el circuito.;
Ciencia y tecnología;¿Quién propuso las tres leyes del movimiento?;Galileo;Isaac Newton;Nikola Tesla;Johannes Kepler;B;Newton formuló las leyes del movimiento.;
Cine y series;¿Qué premio es el más prestigioso del cine?;Grammy;Óscar;Emmy;Tony;B;Los Premios Óscar reconocen la excelencia cinematográfica.;
Cine y series;¿Cómo se llama el mago protagonista de una famosa saga creada por J. K. Rowling?;Percy Jackson;Harry Potter;Frodo Baggins;Gandalf;B;Harry Potter es el protagonista de la saga.;
Cine y series;¿Qué estudio creó Toy Story?;DreamWorks;Pixar;Illumination;Ghibli;B;Toy Story fue producida por Pixar.;
Cine y series;¿Cuál es el verdadero nombre de Batman?;Clark Kent;Bruce Wayne;Peter Parker;Tony Stark;B;Bruce Wayne es Batman.;
Cine y series;¿Quién es el padre de Luke Skywalker?;Han Solo;Anakin Skywalker;Obi-Wan Kenobi;Yoda;B;Anakin se convierte en Darth Vader.;
Cine y series;¿En qué serie aparece el personaje Walter White?;Lost;Breaking Bad;Dark;Narcos;B;Walter White es el protagonista.;
Cine y series;¿Cómo se llama el león protagonista de El Rey León?;Mufasa;Simba;Scar;Nala;B;Simba es el protagonista.;
Cine y series;¿Qué premio reconoce la televisión en Estados Unidos?;Grammy;Emmy;Goya;César;B;Los Emmy premian la televisión.;
Cine y series;¿Quién dirigió Titanic?;Steven Spielberg;James Cameron;Christopher Nolan;Ridley Scott;B;James Cameron dirigió Titanic.;
Cine y series;¿Qué pez busca Marlin en Buscando a Nemo?;Dory;Nemo;Burbuja;Gill;B;Nemo es el hijo de Marlin.;
Cine y series;¿Quién dirigió la película Jurassic Park?;George Lucas;James Cameron;Steven Spielberg;Ridley Scott;C;Steven Spielberg dirigió Jurassic Park en 1993.;
Cine y series;¿Cómo se llama la nave espacial de Han Solo?;Enterprise;Serenity;Millennium Falcon;Rocinante;C;El Millennium Falcon es una de las naves más famosas del cine.;
Cine y series;¿Qué estudio creó Shrek?;Pixar;DreamWorks;Disney;Blue Sky;B;Shrek fue producida por DreamWorks Animation.;
Cine y series;¿Qué premio reconoce la industria cinematográfica británica?;Óscar;BAFTA;Goya;César;B;Los BAFTA son otorgados por la Academia Británica.;
Cine y series;¿En qué ciudad ficticia se desarrolla Stranger Things?;Hill Valley;Hawkins;Sunnydale;Stars Hollow;B;Hawkins es la ciudad ficticia de la serie.;
Cine y series;¿Cuál es el alter ego de Superman?;Bruce Wayne;Clark Kent;Peter Parker;Steve Rogers;B;Clark Kent es la identidad civil de Superman.;
Cine y series;¿Quién destruye el Anillo Único en El Señor de los Anillos?;Aragorn;Gandalf;Frodo;Gimli;C;Frodo completa la misión con ayuda de Sam.;
Cine y series;¿Cuál fue el primer largometraje animado de Disney?;Pinocho;Dumbo;Blancanieves;Bambi;C;Blancanieves y los siete enanos se estrenó en 1937.;
Cine y series;¿Quién escribió la novela Drácula?;Edgar Allan Poe;Stephen King;Bram Stoker;Mary Shelley;C;Bram Stoker publicó Drácula en 1897.;
Cine y series;¿Qué película ganó el Óscar a Mejor Película en 1998 por su historia del Titanic?;Avatar;Titanic;Gladiator;Braveheart;B;Titanic ganó 11 premios Óscar.;
Colombia;¿Cuál es la capital del departamento de Antioquia?;Cali;Medellín;Pereira;Manizales;B;Medellín es la capital de Antioquia.;
Colombia;¿En qué fecha se conmemora la independencia de Colombia?;7 de agosto;20 de julio;12 de octubre;11 de noviembre;B;El 20 de julio de 1810 marca el inicio del proceso independentista.;
Colombia;¿Cuál es el río más importante de Colombia?;Cauca;Magdalena;Atrato;Meta;B;El río Magdalena atraviesa gran parte del país.;
Colombia;¿Qué género musical es Patrimonio Cultural Inmaterial de la Humanidad según la UNESCO?;Rock;Cumbia;Vallenato;Salsa;C;El vallenato tradicional recibió este reconocimiento.;
Colombia;¿Cuál es el ave nacional de Colombia?;Cóndor de los Andes;Águila arpía;Guacamaya;Tucán;A;El cóndor representa un símbolo nacional.;
Colombia;¿Qué producto agrícola ha sido históricamente uno de los principales de exportación?;Trigo;Café;Algodón;Maíz;B;El café colombiano es reconocido mundialmente.;
Colombia;¿Cuál deporte ha dado múltiples campeones mundiales a Colombia en ruta?;Béisbol;Ciclismo;Rugby;Hockey;B;Colombia ha destacado internacionalmente en ciclismo.;
Colombia;¿En qué ciudad se encuentra la Ciudad Amurallada?;Santa Marta;Cartagena;Barranquilla;Tunja;B;La Ciudad Amurallada está en Cartagena.;
Colombia;¿Qué océanos rodean el territorio colombiano?;Atlántico y Pacífico;Pacífico e Índico;Atlántico y Ártico;Índico y Antártico;A;Colombia tiene costas en el Caribe (Atlántico) y el Pacífico.;
Colombia;¿Cuál es la flor nacional de Colombia?;Orquídea;Rosa;Girasol;Cattleya trianae;D;La Cattleya trianae fue declarada flor nacional.;
Colombia;¿Cuál es el departamento más extenso de Colombia?;Antioquia;Amazonas;Meta;Vichada;A;Amazonas es el departamento de mayor superficie.;
Colombia;¿Cuál es la bebida tradicional elaborada a partir de maíz fermentado?;Café;Chicha;Aguapanela;Lulada;B;La chicha es una bebida ancestral colombiana.;
Colombia;¿En qué ciudad se celebra la Feria de las Flores?;Bogotá;Cali;Medellín;Manizales;C;La Feria de las Flores se realiza en Medellín.;
Colombia;¿En qué año se firmó la Constitución Política vigente?;1986;1991;2000;1974;B;La Constitución actual fue promulgada en 1991.;
Colombia;¿Cuál es el árbol nacional de Colombia?;Ceiba;Palma de cera;Roble;Eucalipto;B;La palma de cera es el árbol nacional.;
Colombia;"¿Qué ciudad es conocida como la ""Sucursal del Cielo""?";Medellín;Cali;Bucaramanga;Neiva;B;Cali recibe ese sobrenombre popularmente.;
Colombia;¿Qué mineral ha sido históricamente una importante exportación colombiana?;Cobre;Esmeraldas;Uranio;Plata;B;Colombia es reconocida por la calidad de sus esmeraldas.;
Colombia;¿Cuál es el pico más alto de Colombia?;Nevado del Ruiz;Sierra Nevada de Santa Marta;Cerro Tatamá;Pico Cristóbal Colón;D;El Pico Cristóbal Colón alcanza aproximadamente 5.730 metros.;
Colombia;¿Qué ciclista colombiano ganó el Giro de Italia en 2014?;Egan Bernal;Nairo Quintana;Rigoberto Urán;Santiago Buitrago;B;Nairo Quintana ganó el Giro de Italia en 2014.;
Colombia;¿Por cuál característica destaca Colombia a nivel mundial?;Ser el país más grande del mundo;Tener la mayor biodiversidad por unidad de área;Ser el país más frío;Tener más desiertos;B;Colombia es uno de los países megadiversos del planeta.;
Cultura general;¿Quién escribió Don Quijote de la Mancha?;Gabriel García Márquez;Miguel de Cervantes;Pablo Neruda;Federico García Lorca;B;Cervantes publicó la obra en el siglo XVII.;
Cultura general;¿Quién pintó la Mona Lisa?;Picasso;Leonardo da Vinci;Van Gogh;Rembrandt;B;La Mona Lisa fue pintada por Leonardo da Vinci.;
Cultura general;¿Cuál es el idioma más hablado del mundo por número de hablantes nativos?;Inglés;Mandarín;Español;Hindi;B;El mandarín ocupa el primer lugar.;
Cultura general;¿Quién inventó la imprenta de tipos móviles en Europa?;Newton;Gutenberg;Edison;Tesla;B;Johannes Gutenberg revolucionó la impresión.;
Cultura general;¿Qué premio reconoce contribuciones destacadas a la paz; la ciencia y la literatura?;Pulitzer;Nobel;Cervantes;Goya;B;Los Premios Nobel fueron establecidos por Alfred Nobel.
Cultura general;¿Cuántos días tiene un año bisiesto?;364;366;365;367;B;Los años bisiestos tienen 366 días.;
Cultura general;¿Qué idioma tiene más países donde es oficial?;Francés;Inglés;Español;Árabe;B;El inglés es idioma oficial en más países.;
Cultura general;¿En qué ciudad se encuentra el Museo del Louvre?;Madrid;Londres;París;Roma;C;El Louvre está ubicado en París.;
Cultura general;¿Cuál es el libro sagrado del islam?;Biblia;Torá;Corán;Vedas;C;El Corán es el texto sagrado del islam.;
Cultura general;¿Cuántos elementos químicos tiene actualmente la tabla periódica?;112;118;120;126;B;La tabla periódica reconoce 118 elementos.;
Cultura general;¿Cuál es el idioma oficial de Brasil?;Español;Portugués;Francés;Italiano;B;El idioma oficial es el portugués.;
Cultura general;¿Quién escribió Cien años de soledad?;Mario Vargas Llosa;Gabriel García Márquez;Jorge Luis Borges;Isabel Allende;B;Gabriel García Márquez publicó la novela en 1967.;
Cultura general;¿Cuántos planetas tiene actualmente el Sistema Solar?;7;8;9;10;B;Desde 2006 se reconocen ocho planetas.;
Cultura general;¿Quién pintó La noche estrellada?;Picasso;Van Gogh;Monet;Dalí;B;La obra fue pintada por Vincent van Gogh.;
Cultura general;¿Cuántas cuerdas tiene una guitarra clásica?;4;5;6;7;C;La guitarra clásica posee seis cuerdas.;
Cultura general;¿Qué premio reconoce la industria cinematográfica española?;BAFTA;Goya;César;Ariel;B;Los Premios Goya son otorgados en España.;
Cultura general;¿Cuál es el metal líquido a temperatura ambiente?;Hierro;Plomo;Mercurio;Aluminio;C;El mercurio permanece líquido a temperatura ambiente.;
Cultura general;¿En qué ciudad se encuentra el Vaticano?;Milán;Florencia;Roma;Nápoles;C;La Ciudad del Vaticano está enclavada en Roma.;
Cultura general;¿Qué idioma se habla principalmente en Austria?;Francés;Alemán;Italiano;Neerlandés;B;El alemán es el idioma oficial.;
Cultura general;¿Quién inventó el teléfono?;Thomas Edison;Nikola Tesla;Alexander Graham Bell;Guglielmo Marconi;C;Bell patentó uno de los primeros teléfonos prácticos.;
Deportes;¿Cuántos jugadores tiene un equipo de fútbol en el campo al iniciar el partido?;9;10;11;12;C;Cada equipo juega con 11 futbolistas.;
Deportes;¿Cada cuántos años se celebra la Copa Mundial de la FIFA?;2;3;4;5;C;La Copa Mundial se celebra cada cuatro años.;
Deportes;¿Cuántos puntos vale un tiro libre?;1;2;3;4;A;Un tiro libre exitoso vale un punto.;
Deportes;¿Cómo se llama el torneo más antiguo de tenis?;Roland Garros;Wimbledon;US Open;Australian Open;B;Wimbledon comenzó en 1877.;
Deportes;¿Cuántos metros tiene una maratón oficial?;40.000;41.195;42.195;43.000;C;La distancia oficial es de 42;195 km.
Deportes;¿Qué color identifica al líder del Tour de Francia?;Rojo;Verde;Amarillo;Blanco;C;El maillot amarillo distingue al líder.;
Deportes;¿Cada cuántos años se celebran los Juegos Olímpicos de Verano?;2;3;4;5;C;Se realizan cada cuatro años.;
Deportes;¿Qué estilo de natación permite nadar boca arriba?;Mariposa;Pecho;Espalda;Libre;C;El estilo espalda se realiza mirando hacia arriba.;
Deportes;¿Qué bandera indica el final de una carrera?;Roja;Amarilla;A cuadros;Verde;C;La bandera a cuadros señala el final.;
Deportes;¿Cuántos jugadores hay por equipo en la cancha?;5;6;7;8;B;Cada equipo juega con seis jugadores.;
Deportes;¿Qué país ha ganado más Copas Mundiales de la FIFA masculina?;Italia;Alemania;Brasil;Argentina;C;Brasil ha conquistado cinco títulos mundiales.;
Deportes;¿Cuántos jugadores hay en cancha por equipo en baloncesto?;4;5;6;7;B;Cada equipo juega con cinco jugadores.;
Deportes;¿Qué superficie caracteriza a Roland Garros?;Césped;Cemento;Arcilla;Moqueta;C;El torneo se disputa sobre arcilla.;
Deportes;¿Qué estilo se nada primero en la prueba combinada individual?;Espalda;Pecho;Mariposa;Libre;C;La prueba inicia con mariposa.;
Deportes;¿Cuántos metros tiene una pista olímpica de atletismo?;200;300;400;500;C;La longitud estándar es de 400 metros.;
Deportes;¿Qué competencia de tres semanas se disputa principalmente en España?;Giro de Italia;Tour de Francia;Vuelta a España;París-Niza;C;La Vuelta a España es una gran vuelta.;
Deportes;¿Qué símbolo representan los cinco anillos olímpicos?;Cinco océanos;Cinco continentes habitados;Cinco deportes;Cinco idiomas;B;Representan la unión de los continentes.;
Deportes;¿Cuántos puntos recibe normalmente el ganador de un Gran Premio?;18;20;25;30;C;El sistema actual otorga 25 puntos al vencedor.;
Deportes;¿A cuántos puntos se juega normalmente un set (con diferencia de dos)? ;21;25;30;15;B;Los sets regulares llegan a 25 puntos.;
Deportes;¿Cuántas casillas tiene un tablero de ajedrez?;49;64;81;100;B;El tablero está compuesto por 64 casillas.;
Economía y negocios;¿Cómo se llama la moneda oficial de Japón?;Yuan;Won;Yen;Dólar;C;La moneda japonesa es el yen.;
Economía y negocios;¿Qué institución suele emitir el dinero de un país?;Ministerio de Educación;Banco Central;Congreso;Bolsa de Valores;B;Generalmente esta función corresponde al banco central.;
Economía y negocios;¿Qué significa PIB?;Producto Interno Bruto;Precio Internacional Base;Producto Industrial Bancario;Plan Interno de Balance;A;El PIB mide el valor de los bienes y servicios producidos.;
Economía y negocios;¿Qué representa la inflación?;Aumento generalizado de precios;Disminución del empleo;Caída de salarios;Aumento de exportaciones;A;La inflación es el incremento sostenido de los precios.;
Economía y negocios;¿Qué instrumento financiero suele generar intereses por un depósito?;Cuenta de ahorros;Cédula;Factura;Cheque;A;Las cuentas de ahorro pagan intereses según la entidad.;
Economía y negocios;¿Qué empresa desarrolló el iPhone?;Samsung;Google;Apple;Huawei;C;Apple lanzó el primer iPhone en 2007.;
Economía y negocios;¿Qué significa comprar acciones de una empresa?;Prestarle dinero;Ser propietario de una parte de ella;Administrarla;Comprar sus productos;B;Una acción representa una participación en la empresa.;
Economía y negocios;¿Qué impuesto suele aplicarse al consumo en muchos países?;IVA;Predial;Renta;Patrimonio;A;El IVA grava la venta de bienes y servicios.;
Economía y negocios;¿Cómo se denomina una empresa de reciente creación con alto potencial de crecimiento?;Holding;Startup;Franquicia;Consorcio;B;Una startup busca crecer rápidamente mediante innovación.;
Economía y negocios;¿Cuál de estas monedas pertenece a la Unión Europea?;Libra esterlina;Euro;Franco suizo;Corona noruega;B;El euro es la moneda común de numerosos países europeos.;
Economía y negocios;¿Qué indicador mide el valor total de los bienes y servicios producidos por un país?;IPC;PIB;Balanza comercial;Tasa de interés;B;El Producto Interno Bruto (PIB) mide la producción de una economía.;
Economía y negocios;¿Qué institución presta dinero y recibe depósitos?;Supermercado;Banco;Bolsa de valores;Aseguradora;B;Los bancos administran depósitos y conceden préstamos.;
Economía y negocios;¿Qué ocurre normalmente cuando aumenta la demanda y la oferta permanece igual?;El precio baja;El precio sube;El mercado desaparece;No cambia el precio;B;Una mayor demanda suele incrementar el precio.;
Economía y negocios;¿Qué documento suele entregarse como comprobante de una venta?;Pasaporte;Factura;Licencia;Escritura;B;La factura registra oficialmente una transacción.;
Economía y negocios;¿Qué departamento suele encargarse de contratar personal?;Marketing;Recursos Humanos;Contabilidad;Compras;B;Recursos Humanos administra el talento humano.;
Economía y negocios;¿Cuál suele ser una inversión de renta variable?;Bono gubernamental;Acción;CDT;Cuenta de ahorros;B;Las acciones pueden variar de valor constantemente.;
Economía y negocios;¿Cómo se llama el documento que describe un nuevo negocio?;Plan de negocios;Manual de usuario;Acta de reunión;Inventario;A;El plan de negocios define la estrategia del emprendimiento.;
Economía y negocios;¿Cuál es la moneda oficial de Colombia?;Peso colombiano;Dólar;Euro;Sol;A;La moneda oficial es el peso colombiano.;
Economía y negocios;¿Qué documento resume ingresos; gastos y utilidad de una empresa?;Balance general;Estado de resultados;Factura;Recibo;B;El estado de resultados muestra el desempeño financiero.
Economía y negocios;¿Qué busca principalmente una campaña publicitaria?;Reducir impuestos;Aumentar el conocimiento o ventas de un producto;Cambiar leyes;Disminuir la producción;B;La publicidad busca atraer clientes y aumentar las ventas.;
Gastronomía;¿Cuál es el ingrediente principal del guacamole?;Tomate;Aguacate;Pepino;Espinaca;B;El aguacate es la base del guacamole.;
Gastronomía;¿De qué planta proviene el café?;Cacao;Cafeto;Té;Caña de azúcar;B;Los granos de café provienen del cafeto.;
Gastronomía;¿Cuál es el ingrediente principal del merengue?;Leche;Yema de huevo;Clara de huevo;Mantequilla;C;El merengue se prepara con claras batidas.;
Gastronomía;¿Qué queso se utiliza tradicionalmente en la pizza margarita?;Cheddar;Parmesano;Mozzarella;Gouda;C;La mozzarella es el queso tradicional.;
Gastronomía;¿Cuál es la fruta más consumida en el mundo?;Manzana;Banano;Uva;Naranja;B;El banano figura entre las frutas más consumidas globalmente.;
Gastronomía;¿De qué flor se obtiene el azafrán?;Rosa;Lirio;Crocus;Tulipán;C;El azafrán procede del Crocus sativus.;
Gastronomía;¿Cuál es el ingrediente principal del sushi?;Papa;Arroz;Yuca;Avena;B;El arroz preparado es el componente esencial.;
Gastronomía;¿Qué ingrediente hace crecer la masa del pan?;Sal;Levadura;Azúcar;Vinagre;B;La levadura fermenta y produce dióxido de carbono.;
Gastronomía;¿De qué semilla se obtiene el chocolate?;Café;Cacao;Vainilla;Canela;B;El chocolate se elabora a partir del cacao.;
Gastronomía;¿Cuál de estos ingredientes es tradicional en una tortilla mexicana?;Maíz;Arroz;Cebada;Avena;A;La tortilla tradicional mexicana se prepara con maíz.;
Geografía;¿Cuál es la capital de Argentina?;Rosario;Córdoba;Buenos Aires;Mendoza;C;Buenos Aires es la capital argentina.;
Geografía;¿Cuál es la capital de Brasil?;São Paulo;Río de Janeiro;Brasilia;Salvador;C;Brasilia es la capital desde 1960.;
Geografía;¿Qué país tiene la mayor población de Europa?;Alemania;Rusia;Francia;Italia;B;Rusia es el país europeo con mayor población si se considera su territorio europeo.;
Geografía;¿Cuál es el río más largo de África?;Congo;Níger;Nilo;Zambeze;C;El Nilo es el río más largo del continente.;
Geografía;¿Cuál es el lago de agua dulce más grande de Sudamérica?;Maracaibo;Titicaca;General Carrera;Nahuel Huapi;B;El lago Titicaca es el más grande por superficie.;
Geografía;¿Qué país tiene una hoja de arce en su bandera?;Estados Unidos;Canadá;Australia;Nueva Zelanda;B;La hoja de arce es el símbolo nacional de Canadá.;
Geografía;¿En qué continente se encuentra el desierto de Atacama?;Asia;África;América del Sur;Oceanía;C;El desierto de Atacama está en Chile.;
Geografía;¿En qué cordillera se encuentra el Monte Everest?;Andes;Alpes;Himalaya;Cáucaso;C;El Everest pertenece al Himalaya.;
Geografía;¿Qué océano baña la costa occidental de América?;Atlántico;Índico;Pacífico;Ártico;C;La costa occidental americana limita con el Pacífico.;
Geografía;¿Cómo se llama la línea imaginaria que divide la Tierra en hemisferio norte y sur?;Trópico de Cáncer;Meridiano de Greenwich;Ecuador;Círculo Polar Ártico;C;El ecuador divide la Tierra en dos hemisferios.;
Historia;¿Qué civilización construyó las pirámides de Guiza?;Romanos;Egipcios;Mayas;Griegos;B;Las pirámides de Guiza fueron construidas por el Antiguo Egipto.;
Historia;¿Qué enfermedad provocó una gran pandemia en Europa durante el siglo XIV?;Viruela;Peste Negra;Cólera;Gripe Española;B;La Peste Negra causó millones de muertes.;
Historia;¿En qué año comenzó la independencia de Colombia?;1808;1810;1819;1821;B;El 20 de julio de 1810 inició el proceso independentista.;
Historia;¿Cuál fue la capital del Imperio Romano?;Atenas;Roma;Constantinopla;Milán;B;Roma fue la capital del imperio durante gran parte de su historia.;
Historia;¿Qué país lanzó las bombas atómicas sobre Hiroshima y Nagasaki?;Reino Unido;Estados Unidos;Francia;Unión Soviética;B;Fueron lanzadas por Estados Unidos en 1945.;
Historia;¿Quién fue conocido como el Libertador de América?;José Martí;Simón Bolívar;Bernardo O'Higgins;Antonio José de Sucre;B;Simón Bolívar lideró la independencia de varios países.;
Historia;¿Qué navegante dio la primera vuelta al mundo?;Cristóbal Colón;Fernando de Magallanes y Juan Sebastián Elcano;Vasco da Gama;James Cook;B;La expedición fue completada por Elcano tras la muerte de Magallanes.;
Historia;¿En qué país ocurrió la Revolución Francesa?;Italia;Francia;Alemania;España;B;Ocurrió en Francia en 1789.;
Historia;¿Quién fue el primer presidente de Colombia?;Simón Bolívar;Francisco de Paula Santander;Rafael Núñez;Tomás Cipriano de Mosquera;A;Bolívar fue el primer presidente de la Gran Colombia.;
Historia;¿Dónde se originó la democracia?;Roma;Atenas;Esparta;Cartago;B;La democracia ateniense es considerada la primera.;
Historia;¿Quién fue el primer emperador romano?;Nerón;Julio César;Augusto;Trajano;C;Augusto fue el primer emperador de Roma.;
Historia;¿Qué continente alcanzó Vasco da Gama navegando alrededor de África?;América;Oceanía;Asia;Antártida;C;Vasco da Gama llegó a la India.;
Historia;¿En qué año terminó la Segunda Guerra Mundial?;1942;1943;1945;1948;C;La guerra terminó en 1945.;
Historia;¿Qué muro dividía Berlín hasta 1989?;Muro Romano;Muro Alemán;Muro de Berlín;Muro de Hierro;C;El Muro de Berlín simbolizaba la Guerra Fría.;
Historia;¿Qué batalla consolidó la independencia de la Nueva Granada?;Boyacá;Carabobo;Pichincha;Ayacucho;A;La Batalla de Boyacá fue decisiva en 1819.;
Historia;¿Qué idioma hablaban principalmente los antiguos romanos?;Griego;Latín;Italiano;Arameo;B;El latín era la lengua oficial del Imperio Romano.;
Historia;¿Qué navegante descubrió la ruta marítima hacia la India rodeando África?;Cristóbal Colón;Vasco da Gama;Magallanes;Cook;B;Vasco da Gama abrió la ruta marítima.;
Historia;¿Dónde se desarrolló la civilización maya?;Egipto;Mesoamérica;Mesopotamia;India;B;Los mayas habitaron el sur de México y Centroamérica.;
Historia;¿Qué documento proclamó la independencia de Estados Unidos en 1776?;Carta Magna;Declaración de Independencia;Constitución;Bill of Rights;B;Fue aprobada el 4 de julio de 1776.;
Historia;¿Cómo se llamaban las expediciones militares cristianas hacia Tierra Santa?;Conquistas;Cruzadas;Reconquistas;Invasiones;B;Las Cruzadas ocurrieron entre los siglos XI y XIII.;
Internet y redes sociales;¿Qué significan las siglas URL?;Universal Resource Locator;Uniform Resource Locator;Unified Resource Link;Universal Reference Link;B;URL significa Uniform Resource Locator.;
Internet y redes sociales;¿Cuál de estos es un navegador web?;Windows;Chrome;Android;Excel;B;Google Chrome es un navegador web.;
Internet y redes sociales;¿Qué símbolo es indispensable en una dirección de correo electrónico?;#;@;&;%;B;Toda dirección de correo contiene el símbolo @.;
Internet y redes sociales;¿Qué es el phishing?;Un antivirus;Un intento de robo de información mediante engaños;Una red social;Un buscador;B;El phishing busca obtener credenciales o datos personales.;
Internet y redes sociales;¿Cuál de estas contraseñas es más segura?;123456;password;Juan2024;7T!mQ#91xL;D;Las contraseñas largas y aleatorias son más difíciles de descifrar.;
Internet y redes sociales;¿Qué plataforma es conocida por videos cortos?;LinkedIn;TikTok;GitHub;Dropbox;B;TikTok se centra en videos cortos.;
Internet y redes sociales;¿Cuál es el buscador más utilizado en el mundo?;Bing;Yahoo;Google;DuckDuckGo;C;Google lidera el mercado de buscadores.;
Internet y redes sociales;¿Qué significa VPN?;Virtual Private Network;Verified Public Node;Visual Program Network;Virtual Public Net;A;Una VPN cifra el tráfico y protege la conexión.;
Internet y redes sociales;¿Qué servicio permite guardar archivos en línea?;PowerPoint;OneDrive;Paint;Bloc de notas;B;OneDrive es un servicio de almacenamiento en la nube.;
Internet y redes sociales;¿En qué década comenzó a popularizarse Internet para el público general?;1970;1980;1990;2010;C;Su expansión masiva ocurrió durante los años noventa.;
Música;¿Qué instrumento tiene 88 teclas?;Violín;Piano;Guitarra;Flauta;B;El piano estándar tiene 88 teclas.;
Música;¿Quién compuso la Novena Sinfonía?;Mozart;Beethoven;Bach;Chopin;B;Beethoven la estrenó en 1824.;
Música;¿Cuál es conocido como el Rey del Pop?;Elvis Presley;Michael Jackson;Prince;Freddie Mercury;B;Michael Jackson recibió ese título.;
Música;¿Cuál de estos es un instrumento de cuerda?;Trompeta;Guitarra;Saxofón;Flauta;B;La guitarra produce sonido mediante cuerdas.;
Música;¿Qué premios reconocen la excelencia musical?;Óscar;Grammy;Emmy;Tony;B;Los Grammy premian la música.;
Música;¿Qué banda lanzó Bohemian Rhapsody?;The Beatles;Queen;ABBA;U2;B;Bohemian Rhapsody es una canción de Queen.;
Música;¿De qué país es originario el tango?;Brasil;Argentina;México;Chile;B;El tango nació en la región del Río de la Plata.;
Música;¿Cuántas notas tiene la escala musical tradicional?;5;7;8;12;B;La escala diatónica tiene siete notas.;
Música;¿Quién compuso La Traviata?;Verdi;Mozart;Puccini;Rossini;A;Giuseppe Verdi compuso La Traviata.;
Música;¿Qué género musical es originario de la costa Caribe colombiana?;Salsa;Vallenato;Tango;Cumbia;D;La cumbia se originó en la región Caribe colombiana.;
Música;¿Qué banda británica lanzó el álbum Abbey Road?;Queen;The Beatles;The Rolling Stones;Pink Floyd;B;Abbey Road fue publicado por The Beatles en 1969.;
Música;¿Cuál instrumento tiene normalmente 47 cuerdas?;Violín;Arpa;Cello;Guitarra;B;El arpa de concierto posee alrededor de 47 cuerdas.;
Música;¿De qué país es originaria la samba?;Argentina;Brasil;Cuba;Colombia;B;La samba nació en Brasil.;
Música;¿Quién compuso Las cuatro estaciones?;Mozart;Vivaldi;Bach;Haydn;B;Antonio Vivaldi compuso la obra.;
Música;¿Qué cantante es conocida como la Reina del Pop?;Madonna;Cher;Beyoncé;Adele;A;Madonna recibió este apodo por su influencia en la música.;
Música;¿Cuántos semitonos hay en una octava?;8;10;12;14;C;Una octava en el sistema occidental contiene 12 semitonos.;
Música;¿Qué premios reconocen el cine en España?;Grammy;Goya;Billboard;Emmy;B;Los Premios Goya distinguen al cine español.;
Música;¿Quién compuso Carmen?;Bizet;Verdi;Puccini;Mozart;A;Georges Bizet compuso Carmen.;
Música;¿Qué instrumento tocaba principalmente Louis Armstrong?;Piano;Saxofón;Trompeta;Batería;C;Louis Armstrong fue un célebre trompetista.;
Música;¿Qué instrumento es característico del vallenato?;Bandoneón;Acordeón;Violín;Tiple;B;El acordeón es el instrumento principal del vallenato.;
Naturaleza;¿Cuál es el mamífero terrestre más grande?;Elefante africano;Jirafa;Hipopótamo;Rinoceronte;A;El elefante africano es el mamífero terrestre de mayor tamaño.;
Naturaleza;¿Cuál es el animal más grande del planeta?;Tiburón ballena;Cachalote;Ballena azul;Orca;C;La ballena azul es el animal más grande conocido.;
Naturaleza;¿Qué proceso utilizan las plantas para producir su alimento?;Respiración;Fotosíntesis;Fermentación;Germinación;B;La fotosíntesis convierte luz en energía química.;
Naturaleza;¿Cuál es el ave más grande del mundo?;Cóndor;Avestruz;Águila real;Casuario;B;El avestruz es el ave de mayor tamaño.;
Naturaleza;¿Qué gas producen principalmente las plantas durante la fotosíntesis?;Nitrógeno;Dióxido de carbono;Oxígeno;Metano;C;Las plantas liberan oxígeno como subproducto.;
Naturaleza;¿Cómo se llama la roca fundida que sale de un volcán?;Granito;Magma;Lava;Basalto;C;Cuando el magma sale al exterior se denomina lava.;
Naturaleza;¿Cuál es el felino más grande del mundo?;León;Tigre;Jaguar;Leopardo;B;El tigre siberiano es el felino más grande.;
Naturaleza;¿Qué bosque tropical es el más grande del mundo?;Congo;Amazonas;Borneo;Daintree;B;La Amazonía es el bosque tropical más extenso.;
Naturaleza;¿Qué instrumento mide la presión atmosférica?;Termómetro;Higrómetro;Barómetro;Anemómetro;C;El barómetro mide la presión del aire.;
Naturaleza;¿Qué porcentaje aproximado de la superficie terrestre está cubierta por agua?;50%;60%;71%;85%;C;Aproximadamente el 71 % de la superficie terrestre está cubierta por agua.;
Naturaleza;¿Cuál es el mamífero más rápido del mundo?;León;Guepardo;Antílope;Delfín;B;Aunque el guepardo es un felino; también es un mamífero.
Naturaleza;¿Qué ave es símbolo nacional de Estados Unidos?;Águila calva;Halcón;Pelícano;Cóndor;A;El águila calva es el símbolo nacional estadounidense.;
Naturaleza;¿Qué océano separa América de Europa?;Pacífico;Atlántico;Índico;Ártico;B;El océano Atlántico se encuentra entre ambos continentes.;
Naturaleza;¿Qué parte de la planta absorbe principalmente agua y minerales?;Hojas;Tallo;Raíz;Flor;C;Las raíces absorben agua y nutrientes.;
Naturaleza;¿Qué término describe la variedad de seres vivos de un ecosistema?;Biomasa;Biodiversidad;Hábitat;Evolución;B;La biodiversidad mide la variedad biológica.;
Naturaleza;¿Qué capa de la Tierra es la más externa?;Manto;Núcleo;Corteza;Astenosfera;C;La corteza es la capa superficial.;
Naturaleza;¿Qué instrumento mide la temperatura?;Barómetro;Higrómetro;Termómetro;Pluviómetro;C;El termómetro mide la temperatura.;
Naturaleza;¿Cuál es el único mamífero capaz de volar de forma sostenida?;Ardilla voladora;Murciélago;Colugo;Petauro;B;Los murciélagos son los únicos mamíferos con vuelo activo.;
Naturaleza;¿Qué reino incluye a los hongos?;Vegetal;Fungi;Animal;Protista;B;Los hongos pertenecen al reino Fungi.;
Naturaleza;¿Qué significa que una especie sea endémica?;Que vive en el mar;Que solo existe de forma natural en una región;Que está extinta;Que migra cada año;B;Una especie endémica tiene distribución natural limitada.;
Salud;¿Cuántos huesos tiene aproximadamente un adulto?;198;206;212;220;B;El cuerpo humano adulto posee alrededor de 206 huesos.;
Salud;¿Qué vitamina se produce principalmente con la exposición al sol?;Vitamina A;Vitamina C;Vitamina D;Vitamina K;C;La piel sintetiza vitamina D con la luz solar.;
Salud;¿Cuál es el número de compresiones recomendado antes de dos ventilaciones en RCP para un adulto?;15;20;30;40;C;La secuencia habitual es 30:2 cuando corresponde.;
Salud;¿Qué órgano bombea la sangre por el cuerpo?;Pulmón;Cerebro;Corazón;Hígado;C;El corazón impulsa la sangre mediante sus contracciones.;
Salud;¿Cuál es la principal bebida recomendada para mantenerse hidratado?;Jugo;Gaseosa;Agua;Té;C;El agua es la mejor opción para la hidratación.;
Salud;¿Cuál es la medida más efectiva para prevenir muchas enfermedades infecciosas?;Dormir más;Lavarse las manos;Hacer ejercicio;Tomar café;B;El lavado de manos reduce significativamente el contagio.;
Salud;¿Qué órgano realiza el intercambio de oxígeno y dióxido de carbono?;Riñón;Pulmón;Hígado;Páncreas;B;Los pulmones permiten el intercambio gaseoso.;
Salud;¿Cuál es el objetivo principal de una vacuna?;Curar una fractura;Estimular el sistema inmunitario;Aumentar la fuerza muscular;Reducir el sueño;B;Las vacunas preparan al sistema inmunitario para reconocer patógenos.;
Salud;¿Qué nutriente es la principal fuente inmediata de energía para el cuerpo?;Proteínas;Grasas;Carbohidratos;Vitaminas;C;Los carbohidratos son la fuente principal de energía.;
Salud;¿Cuántas horas de sueño suelen recomendarse para la mayoría de los adultos?;4-may;5-jun;7-sep;10-dic;C;La mayoría de las guías recomiendan entre siete y nueve horas.;
Salud;¿Cuál es el hueso más largo del cuerpo humano?;Húmero;Tibia;Fémur;Radio;C;El fémur es el hueso más largo y resistente.;
Salud;¿Qué nutriente ayuda principalmente a formar y reparar tejidos?;Carbohidratos;Proteínas;Vitaminas;Agua;B;Las proteínas son fundamentales para el crecimiento y reparación.;
Salud;¿Qué componente de la sangre transporta oxígeno?;Plaquetas;Glóbulos rojos;Plasma;Glóbulos blancos;B;La hemoglobina de los glóbulos rojos transporta oxígeno.;
Salud;¿Qué enfermedad se caracteriza por niveles elevados de glucosa en sangre?;Hipertensión;Diabetes;Anemia;Asma;B;La diabetes afecta el metabolismo de la glucosa.;
Salud;¿Qué se debe hacer primero ante una quemadura leve?;Aplicar hielo directamente;Enfriar con agua corriente;Romper las ampollas;Cubrir con algodón;B;Se recomienda enfriar con agua durante varios minutos.;
Salud;¿Qué hábito reduce el riesgo de enfermedades cardiovasculares?;Fumar;Hacer actividad física regularmente;Dormir menos de cinco horas;Consumir exceso de sal;B;El ejercicio beneficia al sistema cardiovascular.;
Salud;¿Qué órgano produce la bilis?;Riñón;Hígado;Páncreas;Estómago;B;La bilis es producida por el hígado.;
Salud;¿Qué gas expulsamos principalmente al exhalar?;Oxígeno;Dióxido de carbono;Hidrógeno;Nitrógeno;B;La respiración elimina principalmente CO?.;
Salud;¿Qué microorganismo se utiliza para elaborar yogur?;Virus;Levaduras;Bacterias;Protozoos;C;El yogur se produce mediante bacterias lácticas.;
Salud;¿Cuál de estos hábitos favorece el bienestar mental?;Dormir adecuadamente;Consumir exceso de azúcar;Evitar toda actividad física;Permanecer despierto toda la noche;A;El descanso adecuado favorece la salud mental.;
Videojuegos;¿Qué empresa creó la consola PlayStation?;Nintendo;Sega;Sony;Microsoft;C;PlayStation fue lanzada por Sony.;
Videojuegos;¿Cuál es el personaje principal de la saga The Legend of Zelda?;Mario;Link;Zelda;Ganondorf;B;El héroe jugable es Link.;
Videojuegos;¿Cuál es el material más resistente para fabricar herramientas en Minecraft (sin modificaciones)?;Hierro;Oro;Diamante;Piedra;C;Durante años el diamante fue el material estándar más resistente.;
Videojuegos;¿De qué tipo es Pikachu?;Agua;Fuego;Eléctrico;Planta;C;Pikachu es un Pokémon de tipo eléctrico.;
Videojuegos;¿Qué empresa desarrolla la consola Xbox?;Sony;Microsoft;Valve;Nintendo;B;Xbox pertenece a Microsoft.;
Videojuegos;¿Qué personaje amarillo come puntos en un laberinto?;Sonic;Pac-Man;Mega Man;Kirby;B;Pac-Man debutó en 1980.;
Videojuegos;¿Cómo se llama la princesa que suele ser rescatada por Mario?;Daisy;Rosalina;Peach;Pauline;C;La Princesa Peach aparece en numerosos juegos de Mario.;
Videojuegos;¿Qué videojuego popularizó el género MOBA junto con Dota?;Fortnite;League of Legends;Valorant;Overwatch;B;League of Legends es uno de los MOBA más exitosos.;
Videojuegos;¿En qué década apareció la consola NES?;1970;1980;1990;2000;B;La Nintendo Entertainment System fue lanzada en los años ochenta.;
Videojuegos;¿Qué videojuego independiente consiste en administrar una granja heredada?;Hades;Celeste;Stardew Valley;Hollow Knight;C;Stardew Valley gira alrededor de una granja y la vida del pueblo.;
